{"cameraMode":{"drawMode":0,"name":"Shaded","section":"Shading Mode"},"sceneLighting":true,"audioPlay":false,"sceneViewState":{"showFog":false,"showMaterialUpdate":false,"showSkybox":false,"showFlares":false,"showImageEffects":true,"showParticleSystems":true},"in2DMode":false,"pivot":{"x":-0.11398708820343018,"y":-0.189453125,"z":-0.0098876953125},"rotation":{"x":-0.7192866206169128,"y":-0.005836821161210537,"z":0.0060439747758209709,"w":-0.6946626901626587},"size":3.5154621601104738,"orthographic":true}